title;post_slug;url_slug;category_slug;parent_category_slug;price;desc;benefits;category;Focus Keyword;SEO Title;Meta Description;Meta Keywords;Facebook Title;Twitter Title
Установка линз (Xenon/Bi-LED);tyuning-far-ustanovka-linz-xenon-biled;ustanovka-linz-xenon-biled;tyuning-far;;8500;Меняем выгоревшие линзы на модули Xenon или Bi-LED.;Гарантия 2 года на модули;Тюнинг фар;установка линз;Установка линз (Xenon/Bi-LED) в СПб — от 8 500 ₽ | КБ АВТО;Меняем выгоревшие линзы на модули Xenon или Bi-LED. Цена от 8 500 ₽. КБ АВТО, Санкт-Петербург.;установка линз, установка линз спб, ремонт фар СПб, тюнинг оптики СПб, КБ АВТО;Установка линз (Xenon/Bi-LED) в СПб — от 8 500 ₽ | КБ АВТО;Установка линз (Xenon/Bi-LED) в СПб — от 8 500 ₽ | КБ АВТО
Установка лазерных (Laser) линз;tyuning-far-lazernye-linzy;lazernye-linzy;tyuning-far;;35000;Топовые лазерные модули с дальним светом до 600 м. Для тех, кто хочет максимум.;Дальний свет в 3+ ярче штатного;Тюнинг фар;установка лазерных;Установка лазерных (Laser) линз в СПб — от 35 000 ₽ | КБ АВ…;Топовые лазерные модули с дальним светом до 600 м. Для тех, кто хочет максимум. Цена от 35 000 ₽. КБ АВТО, Санкт-Петербург.;установка лазерных, установка лазерных спб, ремонт фар СПб, тюнинг оптики СПб, КБ АВТО;Установка лазерных (Laser) линз в СПб — от 35 000 ₽ | КБ АВ…;Установка лазерных (Laser) линз в СПб — от 35 000 ₽ | КБ АВ…
Установка ксенона (штатные комплекты);tyuning-far-ustanovka-ksenona;ustanovka-ksenona;tyuning-far;;5000;Монтируем штатные ксеноновые комплекты с правильной фокусировкой и герметизацией.;Штатное решение, Гарантия;Тюнинг фар;установка ксенона;Установка ксенона (штатные комплекты) в СПб — от 5 000 ₽ |…;Монтируем штатные ксеноновые комплекты с правильной фокусировкой и герметизацией. Цена от 5 000 ₽. КБ АВТО, Санкт-Петербург.;установка ксенона, установка ксенона спб, ремонт фар СПб, тюнинг оптики СПб, КБ АВТО;Установка ксенона (штатные комплекты) в СПб — от 5 000 ₽ |…;Установка ксенона (штатные комплекты) в СПб — от 5 000 ₽ |…
Установка Bi-LED линз;tyuning-far-ustanovka-biled;ustanovka-biled;tyuning-far;;8500;Переходим на качественный диодный свет. Ярче ксенона, без слепящего встречного потока.;Срок службы до 50 000 ч;Тюнинг фар;установка bi-led линз;Установка Bi-LED линз в СПб — от 8 500 ₽ | КБ АВТО;Переходим на качественный диодный свет. Ярче ксенона, без слепящего встречного потока. Цена от 8 500 ₽. КБ АВТО, Санкт-Петербург.;установка bi-led линз, установка bi-led линз спб, ремонт фар СПб, тюнинг оптики СПб, КБ АВТО;Установка Bi-LED линз в СПб — от 8 500 ₽ | КБ АВТО;Установка Bi-LED линз в СПб — от 8 500 ₽ | КБ АВТО
Замена штатных линз на оригинал/аналог;tyuning-far-zamena-shtatnyh-linz;zamena-shtatnyh-linz;tyuning-far;;6000;Меняем заводские линзы на оригинал или проверенный аналог с настройкой света.;Оригинал или аналог;Тюнинг фар;замена штатных линз на оригинал/аналог;Замена штатных линз на оригинал/аналог в СПб — от 6 000 ₽ |…;Меняем заводские линзы на оригинал или проверенный аналог с настройкой света. Цена от 6 000 ₽. КБ АВТО, Санкт-Петербург.;замена штатных линз на оригинал/аналог, замена штатных линз на оригинал/аналог спб, ремонт фар СПб, тюнинг оптики СПб, КБ АВТО;Замена штатных линз на оригинал/аналог в СПб — от 6 000 ₽ |…;Замена штатных линз на оригинал/аналог в СПб — от 6 000 ₽ |…
Тюнинг подсветки (Ангельские/Дьявольские глазки);tyuning-far-angelskie-dyavolskie-glazki;angelskie-dyavolskie-glazki;tyuning-far;;2500;Устанавливаем ангельские и дьявольские глазки с аккуратной проводкой и герметизацией.;Индивидуальный дизайн;Тюнинг фар;тюнинг подсветки;Тюнинг подсветки (Ангельские/Дьявольские глазки) в СПб — от…;Устанавливаем ангельские и дьявольские глазки с аккуратной проводкой и герметизацией. Цена от 2 500 ₽. КБ АВТО, Санкт-Петербург.;тюнинг подсветки, тюнинг подсветки спб, ремонт фар СПб, тюнинг оптики СПб, КБ АВТО;Тюнинг подсветки (Ангельские/Дьявольские глазки) в СПб — от…;Тюнинг подсветки (Ангельские/Дьявольские глазки) в СПб — от…
Изготовление ДХО;tyuning-far-izgotovlenie-dho;izgotovlenie-dho;tyuning-far;;5000;Делаем индивидуальные ДХО под вашу оптику с заводской герметичностью.;Индивидуальное решение;Тюнинг фар;изготовление дхо;Изготовление ДХО в СПб — от 5 000 ₽ | КБ АВТО;Делаем индивидуальные ДХО под вашу оптику с заводской герметичностью. Цена от 5 000 ₽. КБ АВТО, Санкт-Петербург.;изготовление дхо, изготовление дхо спб, ремонт фар СПб, тюнинг оптики СПб, КБ АВТО;Изготовление ДХО в СПб — от 5 000 ₽ | КБ АВТО;Изготовление ДХО в СПб — от 5 000 ₽ | КБ АВТО
Динамические («бегущие») поворотники;tyuning-far-begushchie-povorotniki;begushchie-povorotniki;tyuning-far;;4000;Монтируем динамические поворотники с прошивкой или обманками при необходимости.;Динамика, Стильно;Тюнинг фар;динамические;Динамические («бегущие») поворотники в СПб — от 4 000 ₽ | К…;Монтируем динамические поворотники с прошивкой или обманками при необходимости. Цена от 4 000 ₽. КБ АВТО, Санкт-Петербург.;динамические, динамические спб, ремонт фар СПб, тюнинг оптики СПб, КБ АВТО;Динамические («бегущие») поворотники в СПб — от 4 000 ₽ | К…;Динамические («бегущие») поворотники в СПб — от 4 000 ₽ | К…
Установка автокорректоров фар;tyuning-far-avtokorrektory;avtokorrektory;tyuning-far;;4000;Монтируем автокорректоры с подключением к штатной системе.;Автокорректор;Тюнинг фар;установка автокорректоров фар;Установка автокорректоров фар в СПб — от 4 000 ₽ | КБ АВТО;Монтируем автокорректоры с подключением к штатной системе. Цена от 4 000 ₽. КБ АВТО, Санкт-Петербург.;установка автокорректоров фар, установка автокорректоров фар спб, ремонт фар СПб, тюнинг оптики СПб, КБ АВТО;Установка автокорректоров фар в СПб — от 4 000 ₽ | КБ АВТО;Установка автокорректоров фар в СПб — от 4 000 ₽ | КБ АВТО
Комплексное улучшение света;tyuning-far-kompleksnoe-uluchshenie-sveta;kompleksnoe-uluchshenie-sveta;tyuning-far;;5000;Подбираем оптимальное решение под ваш бюджет и задачи.;Под ваш бюджет;Тюнинг фар;комплексное улучшение света;Комплексное улучшение света в СПб — от 5 000 ₽ | КБ АВТО;Подбираем оптимальное решение под ваш бюджет и задачи. Цена от 5 000 ₽. КБ АВТО, Санкт-Петербург.;комплексное улучшение света, комплексное улучшение света спб, ремонт фар СПб, тюнинг оптики СПб, КБ АВТО;Комплексное улучшение света в СПб — от 5 000 ₽ | КБ АВТО;Комплексное улучшение света в СПб — от 5 000 ₽ | КБ АВТО
Полировка и шлифовка фар;remont-far-optika-i-korpus-polirovka-shlifovka;polirovka-shlifovka;optika-i-korpus;remont-far;2500;Глубокая шлифовка и полировка — возвращаем прозрачность без замены стекла.;Как новые, Без замены стекла;Ремонт фар > Оптика и корпус;полировка и шлифовка фар;Полировка и шлифовка фар в СПб — от 2 500 ₽ | КБ АВТО;Глубокая шлифовка и полировка — возвращаем прозрачность без замены стекла. Цена от 2 500 ₽. КБ АВТО, Санкт-Петербург.;полировка и шлифовка фар, полировка и шлифовка фар спб, ремонт фар СПб, тюнинг оптики СПб, КБ АВТО;Полировка и шлифовка фар в СПб — от 2 500 ₽ | КБ АВТО;Полировка и шлифовка фар в СПб — от 2 500 ₽ | КБ АВТО
Ремонт фар (комплексный);remont-far-optika-i-korpus-remont-posle-povrezhdeniy;remont-posle-povrezhdeniy;optika-i-korpus;remont-far;2500;Восстанавливаем фары после ДТП, заливов и выгорания LED. От галогена до лазерных модулей.;Дешевле замены в 5-10 раз;Ремонт фар > Оптика и корпус;ремонт фар;Ремонт фар (комплексный) в СПб — от 2 500 ₽ | КБ АВТО;Восстанавливаем фары после ДТП, заливов и выгорания LED. От галогена до лазерных модулей. Цена от 2 500 ₽. КБ АВТО, Санкт-Петербург.;ремонт фар, ремонт фар спб, ремонт фар СПб, тюнинг оптики СПб, КБ АВТО;Ремонт фар (комплексный) в СПб — от 2 500 ₽ | КБ АВТО;Ремонт фар (комплексный) в СПб — от 2 500 ₽ | КБ АВТО
Замена стёкол фар;remont-far-optika-i-korpus-zamena-stekol;zamena-stekol;optika-i-korpus;remont-far;5000;Демонтируем треснувшее или мутное стекло, устанавливаем новое с герметизацией корпуса.;Не запотеет;Ремонт фар > Оптика и корпус;замена стёкол фар;Замена стёкол фар в СПб — от 5 000 ₽ | КБ АВТО;Демонтируем треснувшее или мутное стекло, устанавливаем новое с герметизацией корпуса. Цена от 5 000 ₽. КБ АВТО, Санкт-Петербург.;замена стёкол фар, замена стёкол фар спб, ремонт фар СПб, тюнинг оптики СПб, КБ АВТО;Замена стёкол фар в СПб — от 5 000 ₽ | КБ АВТО;Замена стёкол фар в СПб — от 5 000 ₽ | КБ АВТО
Ремонт корпуса фар;remont-far-optika-i-korpus-remont-korpusa;remont-korpusa;optika-i-korpus;remont-far;2500;Герметично восстанавливаем трещины и сколы корпуса фары.;Герметичность;Ремонт фар > Оптика и корпус;ремонт корпуса фар;Ремонт корпуса фар в СПб — от 2 500 ₽ | КБ АВТО;Герметично восстанавливаем трещины и сколы корпуса фары. Цена от 2 500 ₽. КБ АВТО, Санкт-Петербург.;ремонт корпуса фар, ремонт корпуса фар спб, ремонт фар СПб, тюнинг оптики СПб, КБ АВТО;Ремонт корпуса фар в СПб — от 2 500 ₽ | КБ АВТО;Ремонт корпуса фар в СПб — от 2 500 ₽ | КБ АВТО
Восстановление креплений («ушек»);remont-far-optika-i-korpus-vosstanovlenie-krepleniy;vosstanovlenie-krepleniy;optika-i-korpus;remont-far;2500;Сварка пластика или ремкомплекты — фара снова держится надёжно.;Сварка пластика;Ремонт фар > Оптика и корпус;восстановление креплений;Восстановление креплений («ушек») в СПб — от 2 500 ₽ | КБ А…;Сварка пластика или ремкомплекты — фара снова держится надёжно. Цена от 2 500 ₽. КБ АВТО, Санкт-Петербург.;восстановление креплений, восстановление креплений спб, ремонт фар СПб, тюнинг оптики СПб, КБ АВТО;Восстановление креплений («ушек») в СПб — от 2 500 ₽ | КБ А…;Восстановление креплений («ушек») в СПб — от 2 500 ₽ | КБ А…
Устранение запотевания фар;remont-far-optika-i-korpus-ustranenie-zapotevaniya;ustranenie-zapotevaniya;optika-i-korpus;remont-far;3500;Диагностируем причину, переклеиваем корпус по заводским технологиям.;Гарантия от запотевания 1 год;Ремонт фар > Оптика и корпус;устранение запотевания фар;Устранение запотевания фар в СПб — от 3 500 ₽ | КБ АВТО;Диагностируем причину, переклеиваем корпус по заводским технологиям. Цена от 3 500 ₽. КБ АВТО, Санкт-Петербург.;устранение запотевания фар, устранение запотевания фар спб, ремонт фар СПб, тюнинг оптики СПб, КБ АВТО;Устранение запотевания фар в СПб — от 3 500 ₽ | КБ АВТО;Устранение запотевания фар в СПб — от 3 500 ₽ | КБ АВТО
Химчистка фары изнутри;remont-far-optika-i-korpus-himchistka;himchistka;optika-i-korpus;remont-far;2500;Удаляем налёт и помутнение изнутри фары без разборки корпуса.;Без разборки;Ремонт фар > Оптика и корпус;химчистка фары изнутри;Химчистка фары изнутри в СПб — от 2 500 ₽ | КБ АВТО;Удаляем налёт и помутнение изнутри фары без разборки корпуса. Цена от 2 500 ₽. КБ АВТО, Санкт-Петербург.;химчистка фары изнутри, химчистка фары изнутри спб, ремонт фар СПб, тюнинг оптики СПб, КБ АВТО;Химчистка фары изнутри в СПб — от 2 500 ₽ | КБ АВТО;Химчистка фары изнутри в СПб — от 2 500 ₽ | КБ АВТО
Ремонт отражателей / вакуумное напыление;remont-far-optika-i-korpus-remont-otrazhateley;remont-otrazhateley;optika-i-korpus;remont-far;6000;Чистим, заменяем или восстанавливаем отражатели методом вакуумного напыления — как с завода.;Восстановление света;Ремонт фар > Оптика и корпус;ремонт отражателей / вакуумное напыление;Ремонт отражателей / вакуумное напыление в СПб — от 6 000 ₽…;Чистим, заменяем или восстанавливаем отражатели методом вакуумного напыления — как с завода. Цена от 6 000 ₽. КБ АВТО, Санкт-Петербург.;ремонт отражателей / вакуумное напыление, ремонт отражателей / вакуумное напыление спб, ремонт фар СПб, тюнинг оптики СПб, КБ АВТО;Ремонт отражателей / вакуумное напыление в СПб — от 6 000 ₽…;Ремонт отражателей / вакуумное напыление в СПб — от 6 000 ₽…
Покраска масок фар;remont-far-optika-i-korpus-pokraska-masok;pokraska-masok;optika-i-korpus;remont-far;3500;Красим внутренние маски термостойкой краской — чёрный, хром или под ваш стиль.;Термостойкая краска;Ремонт фар > Оптика и корпус;покраска масок фар;Покраска масок фар в СПб — от 3 500 ₽ | КБ АВТО;Красим внутренние маски термостойкой краской — чёрный, хром или под ваш стиль. Цена от 3 500 ₽. КБ АВТО, Санкт-Петербург.;покраска масок фар, покраска масок фар спб, ремонт фар СПб, тюнинг оптики СПб, КБ АВТО;Покраска масок фар в СПб — от 3 500 ₽ | КБ АВТО;Покраска масок фар в СПб — от 3 500 ₽ | КБ АВТО
Замена блоков розжига и ламп;remont-far-elektrika-zamena-blokov-rozzhiga;zamena-blokov-rozzhiga;elektrika;remont-far;2500;Меняем блоки розжига и лампы, проверяем всю цепь ксенона.;Диагностика в подарок;Ремонт фар > Электрика и электроника;замена блоков розжига и ламп;Замена блоков розжига и ламп в СПб — от 2 500 ₽ | КБ АВТО;Меняем блоки розжига и лампы, проверяем всю цепь ксенона. Цена от 2 500 ₽. КБ АВТО, Санкт-Петербург.;замена блоков розжига и ламп, замена блоков розжига и ламп спб, ремонт фар СПб, тюнинг оптики СПб, КБ АВТО;Замена блоков розжига и ламп в СПб — от 2 500 ₽ | КБ АВТО;Замена блоков розжига и ламп в СПб — от 2 500 ₽ | КБ АВТО
Ремонт штатных ДХО;remont-far-elektrika-remont-dho;remont-dho;elektrika;remont-far;3000;Компонентно восстанавливаем штатные дневные ходовые огни.;Штатный вид;Ремонт фар > Электрика и электроника;ремонт штатных дхо;Ремонт штатных ДХО в СПб — от 3 000 ₽ | КБ АВТО;Компонентно восстанавливаем штатные дневные ходовые огни. Цена от 3 000 ₽. КБ АВТО, Санкт-Петербург.;ремонт штатных дхо, ремонт штатных дхо спб, ремонт фар СПб, тюнинг оптики СПб, КБ АВТО;Ремонт штатных ДХО в СПб — от 3 000 ₽ | КБ АВТО;Ремонт штатных ДХО в СПб — от 3 000 ₽ | КБ АВТО
Ремонт светодиодных фар (LED);remont-far-elektrika-remont-led-far;remont-led-far;elektrika;remont-far;4000;Заменяем диоды в неразборных модулях — когда другим не по силам.;Редкие модели;Ремонт фар > Электрика и электроника;ремонт светодиодных фар;Ремонт светодиодных фар (LED) в СПб — от 4 000 ₽ | КБ АВТО;Заменяем диоды в неразборных модулях — когда другим не по силам. Цена от 4 000 ₽. КБ АВТО, Санкт-Петербург.;ремонт светодиодных фар, ремонт светодиодных фар спб, ремонт фар СПб, тюнинг оптики СПб, КБ АВТО;Ремонт светодиодных фар (LED) в СПб — от 4 000 ₽ | КБ АВТО;Ремонт светодиодных фар (LED) в СПб — от 4 000 ₽ | КБ АВТО
Ремонт светодиодных фонарей (задняя оптика);remont-far-elektrika-remont-zadnih-fonarey;remont-zadnih-fonarey;elektrika;remont-far;3500;Восстанавливаем заднюю LED-оптику: диоды, платы, драйверы.;Задняя оптика;Ремонт фар > Электрика и электроника;ремонт светодиодных фонарей;Ремонт светодиодных фонарей (задняя оптика) в СПб — от 3 50…;Восстанавливаем заднюю LED-оптику: диоды, платы, драйверы. Цена от 3 500 ₽. КБ АВТО, Санкт-Петербург.;ремонт светодиодных фонарей, ремонт светодиодных фонарей спб, ремонт фар СПб, тюнинг оптики СПб, КБ АВТО;Ремонт светодиодных фонарей (задняя оптика) в СПб — от 3 50…;Ремонт светодиодных фонарей (задняя оптика) в СПб — от 3 50…
Ремонт/перепайка драйверов (плат) LED;remont-far-elektrika-remont-drayverov;remont-drayverov;elektrika;remont-far;4000;Перепаиваем LED-драйверы и платы управления в фарах и фонарях.;Электроника;Ремонт фар > Электрика и электроника;ремонт/перепайка драйверов;Ремонт/перепайка драйверов (плат) LED в СПб — от 4 000 ₽ |…;Перепаиваем LED-драйверы и платы управления в фарах и фонарях. Цена от 4 000 ₽. КБ АВТО, Санкт-Петербург.;ремонт/перепайка драйверов, ремонт/перепайка драйверов спб, ремонт фар СПб, тюнинг оптики СПб, КБ АВТО;Ремонт/перепайка драйверов (плат) LED в СПб — от 4 000 ₽ |…;Ремонт/перепайка драйверов (плат) LED в СПб — от 4 000 ₽ |…
Ремонт контроллеров управления фарой (ЭБУ);remont-far-elektrika-remont-kontrollerov;remont-kontrollerov;elektrika;remont-far;5000;Ремонт и прошивка блоков управления фарой.;ЭБУ фары;Ремонт фар > Электрика и электроника;ремонт контроллеров управления фарой;Ремонт контроллеров управления фарой (ЭБУ) в СПб — от 5 000…;Ремонт и прошивка блоков управления фарой. Цена от 5 000 ₽. КБ АВТО, Санкт-Петербург.;ремонт контроллеров управления фарой, ремонт контроллеров управления фарой спб, ремонт фар СПб, тюнинг оптики СПб, КБ АВТО;Ремонт контроллеров управления фарой (ЭБУ) в СПб — от 5 000…;Ремонт контроллеров управления фарой (ЭБУ) в СПб — от 5 000…
Замена внутренней проводки фары;remont-far-elektrika-zamena-provodki;zamena-provodki;elektrika;remont-far;2500;Меняем перегоревшую или повреждённую проводку внутри фары.;Надёжный контакт;Ремонт фар > Электрика и электроника;замена внутренней проводки фары;Замена внутренней проводки фары в СПб — от 2 500 ₽ | КБ АВТО;Меняем перегоревшую или повреждённую проводку внутри фары. Цена от 2 500 ₽. КБ АВТО, Санкт-Петербург.;замена внутренней проводки фары, замена внутренней проводки фары спб, ремонт фар СПб, тюнинг оптики СПб, КБ АВТО;Замена внутренней проводки фары в СПб — от 2 500 ₽ | КБ АВТО;Замена внутренней проводки фары в СПб — от 2 500 ₽ | КБ АВТО
Программное отключение опроса ламп («обманки»);remont-far-elektrika-obmanki;obmanki;elektrika;remont-far;2000;Кодируем ЭБУ или ставим обманки — без ошибок на панели.;Без ошибок;Ремонт фар > Электрика и электроника;программное отключение опроса ламп;Программное отключение опроса ламп («обманки») в СПб — от 2…;Кодируем ЭБУ или ставим обманки — без ошибок на панели. Цена от 2 000 ₽. КБ АВТО, Санкт-Петербург.;программное отключение опроса ламп, программное отключение опроса ламп спб, ремонт фар СПб, тюнинг оптики СПб, КБ АВТО;Программное отключение опроса ламп («обманки») в СПб — от 2…;Программное отключение опроса ламп («обманки») в СПб — от 2…
Ремонт корректора фар (ручной/авто);remont-far-mehanika-remont-korrektora;remont-korrektora;mehanika;remont-far;2500;Чиним ручные и автоматические корректоры — мотор, тяги, датчики.;Ручной и авто;Ремонт фар > Механика;ремонт корректора фар;Ремонт корректора фар (ручной/авто) в СПб — от 2 500 ₽ | КБ…;Чиним ручные и автоматические корректоры — мотор, тяги, датчики. Цена от 2 500 ₽. КБ АВТО, Санкт-Петербург.;ремонт корректора фар, ремонт корректора фар спб, ремонт фар СПб, тюнинг оптики СПб, КБ АВТО;Ремонт корректора фар (ручной/авто) в СПб — от 2 500 ₽ | КБ…;Ремонт корректора фар (ручной/авто) в СПб — от 2 500 ₽ | КБ…
Ремонт омывателя фар;remont-far-mehanika-remont-omyvatelya;remont-omyvatelya;mehanika;remont-far;2000;Чистим форсунки, ремонтируем насосы и магистрали омывателя.;Форсунки, Насос;Ремонт фар > Механика;ремонт омывателя фар;Ремонт омывателя фар в СПб — от 2 000 ₽ | КБ АВТО;Чистим форсунки, ремонтируем насосы и магистрали омывателя. Цена от 2 000 ₽. КБ АВТО, Санкт-Петербург.;ремонт омывателя фар, ремонт омывателя фар спб, ремонт фар СПб, тюнинг оптики СПб, КБ АВТО;Ремонт омывателя фар в СПб — от 2 000 ₽ | КБ АВТО;Ремонт омывателя фар в СПб — от 2 000 ₽ | КБ АВТО
Ремонт ксеноновых фар (спец. узлы);remont-far-mehanika-remont-ksenonovyh-far;remont-ksenonovyh-far;mehanika;remont-far;3000;Диагностика и ремонт специфических узлов штатного ксенона.;Штатный ксенон;Ремонт фар > Механика;ремонт ксеноновых фар;Ремонт ксеноновых фар (спец. узлы) в СПб — от 3 000 ₽ | КБ…;Диагностика и ремонт специфических узлов штатного ксенона. Цена от 3 000 ₽. КБ АВТО, Санкт-Петербург.;ремонт ксеноновых фар, ремонт ксеноновых фар спб, ремонт фар СПб, тюнинг оптики СПб, КБ АВТО;Ремонт ксеноновых фар (спец. узлы) в СПб — от 3 000 ₽ | КБ…;Ремонт ксеноновых фар (спец. узлы) в СПб — от 3 000 ₽ | КБ…
Регулировка света на стенде;regulirovka-diagnostika-regulirovka-sveta;regulirovka-sveta;regulirovka-diagnostika;;2000;Выставляем правильный световой пучок на стенде — без слепящего встречного.;По ГОСТ, Без слепления;Регулировка и диагностика;регулировка света на стенде;Регулировка света на стенде в СПб — от 2 000 ₽ | КБ АВТО;Выставляем правильный световой пучок на стенде — без слепящего встречного. Цена от 2 000 ₽. КБ АВТО, Санкт-Петербург.;регулировка света на стенде, регулировка света на стенде спб, ремонт фар СПб, тюнинг оптики СПб, КБ АВТО;Регулировка света на стенде в СПб — от 2 000 ₽ | КБ АВТО;Регулировка света на стенде в СПб — от 2 000 ₽ | КБ АВТО
Ремонт систем адаптивного освещения (AFS);regulirovka-diagnostika-remont-afs;remont-afs;regulirovka-diagnostika;;4000;Диагностика и ремонт AFS: моторы, датчики, блоки управления.;AFS, Адаптивный свет;Регулировка и диагностика;ремонт систем адаптивного освещения;Ремонт систем адаптивного освещения (AFS) в СПб — от 4 000…;Диагностика и ремонт AFS: моторы, датчики, блоки управления. Цена от 4 000 ₽. КБ АВТО, Санкт-Петербург.;ремонт систем адаптивного освещения, ремонт систем адаптивного освещения спб, ремонт фар СПб, тюнинг оптики СПб, КБ АВТО;Ремонт систем адаптивного освещения (AFS) в СПб — от 4 000…;Ремонт систем адаптивного освещения (AFS) в СПб — от 4 000…
Кодирование/программирование блоков + диагностика;regulirovka-diagnostika-kodirovanie-programmirovanie;kodirovanie-programmirovanie;regulirovka-diagnostika;;3000;Кодируем блоки света, активируем функции, проводим компьютерную диагностику.;Диагностика, Кодирование;Регулировка и диагностика;кодирование/программирование блоков + диагностика;Кодирование/программирование блоков + диагностика в СПб — о…;Кодируем блоки света, активируем функции, проводим компьютерную диагностику. Цена от 3 000 ₽. КБ АВТО, Санкт-Петербург.;кодирование/программирование блоков + диагностика, кодирование/программирование блоков + диагностика спб, ремонт фар СПб, тюнинг оптики СПб, КБ АВТО;Кодирование/программирование блоков + диагностика в СПб — о…;Кодирование/программирование блоков + диагностика в СПб — о…
Установка и активация ПТФ (с прошивкой ЭБУ);ptf-ustanovka-aktivaciya;ustanovka-aktivaciya;ptf;;6000;Монтаж ПТФ под ключ с прошивкой ЭБУ и активацией в меню.;Под ключ;Противотуманные фары (ПТФ);установка и активация птф;Установка и активация ПТФ (с прошивкой ЭБУ) в СПб — от 6 00…;Монтаж ПТФ под ключ с прошивкой ЭБУ и активацией в меню. Цена от 6 000 ₽. КБ АВТО, Санкт-Петербург.;установка и активация птф, установка и активация птф спб, ремонт фар СПб, тюнинг оптики СПб, КБ АВТО;Установка и активация ПТФ (с прошивкой ЭБУ) в СПб — от 6 00…;Установка и активация ПТФ (с прошивкой ЭБУ) в СПб — от 6 00…
Установка светодиодных ПТФ;ptf-ustanovka-led-ptf;ustanovka-led-ptf;ptf;;5000;Ставим LED ПТФ с правильной направленностью и подключением.;Яркий свет;Противотуманные фары (ПТФ);установка светодиодных птф;Установка светодиодных ПТФ в СПб — от 5 000 ₽ | КБ АВТО;Ставим LED ПТФ с правильной направленностью и подключением. Цена от 5 000 ₽. КБ АВТО, Санкт-Петербург.;установка светодиодных птф, установка светодиодных птф спб, ремонт фар СПб, тюнинг оптики СПб, КБ АВТО;Установка светодиодных ПТФ в СПб — от 5 000 ₽ | КБ АВТО;Установка светодиодных ПТФ в СПб — от 5 000 ₽ | КБ АВТО
Замена стёкол ПТФ;ptf-zamena-stekol;zamena-stekol;ptf;;3000;Меняем треснувшее или мутное стекло ПТФ с герметизацией.;Герметично;Противотуманные фары (ПТФ);замена стёкол птф;Замена стёкол ПТФ в СПб — от 3 000 ₽ | КБ АВТО;Меняем треснувшее или мутное стекло ПТФ с герметизацией. Цена от 3 000 ₽. КБ АВТО, Санкт-Петербург.;замена стёкол птф, замена стёкол птф спб, ремонт фар СПб, тюнинг оптики СПб, КБ АВТО;Замена стёкол ПТФ в СПб — от 3 000 ₽ | КБ АВТО;Замена стёкол ПТФ в СПб — от 3 000 ₽ | КБ АВТО
Замена ламп в ПТФ;ptf-zamena-lamp;zamena-lamp;ptf;;1500;Быстрая замена ламп в противотуманках с проверкой контактов.;Быстро;Противотуманные фары (ПТФ);замена ламп в птф;Замена ламп в ПТФ в СПб — от 1 500 ₽ | КБ АВТО;Быстрая замена ламп в противотуманках с проверкой контактов. Цена от 1 500 ₽. КБ АВТО, Санкт-Петербург.;замена ламп в птф, замена ламп в птф спб, ремонт фар СПб, тюнинг оптики СПб, КБ АВТО;Замена ламп в ПТФ в СПб — от 1 500 ₽ | КБ АВТО;Замена ламп в ПТФ в СПб — от 1 500 ₽ | КБ АВТО
Замена ламп на светодиодные (салон, габариты, подсветка номера);dop-uslugi-zamena-lamp-na-led;zamena-lamp-na-led;dop-uslugi;;2000;Переводим салон, габариты и подсветку номера на качественные LED.;Экономия энергии;Доп. услуги;замена ламп на светодиодные;Замена ламп на светодиодные (салон, габариты, подсветка ном…;Переводим салон, габариты и подсветку номера на качественные LED. Цена от 2 000 ₽. КБ АВТО, Санкт-Петербург.;замена ламп на светодиодные, замена ламп на светодиодные спб, ремонт фар СПб, тюнинг оптики СПб, КБ АВТО;Замена ламп на светодиодные (салон, габариты, подсветка ном…;Замена ламп на светодиодные (салон, габариты, подсветка ном…
Установка видеорегистраторов;dop-uslugi-ustanovka-videoregistratorov;ustanovka-videoregistratorov;dop-uslugi;;3000;Монтируем видеорегистраторы с аккуратной прокладкой проводки и подключением.;Скрытый монтаж;Доп. услуги;установка видеорегистраторов;Установка видеорегистраторов в СПб — от 3 000 ₽ | КБ АВТО;Монтируем видеорегистраторы с аккуратной прокладкой проводки и подключением. Цена от 3 000 ₽. КБ АВТО, Санкт-Петербург.;установка видеорегистраторов, установка видеорегистраторов спб, ремонт фар СПб, тюнинг оптики СПб, КБ АВТО;Установка видеорегистраторов в СПб — от 3 000 ₽ | КБ АВТО;Установка видеорегистраторов в СПб — от 3 000 ₽ | КБ АВТО
Установка парктроников;dop-uslugi-ustanovka-parktronikov;ustanovka-parktronikov;dop-uslugi;;5000;Устанавливаем парктроники с калибровкой и подключением к штатным системам.;Под ключ;Доп. услуги;установка парктроников;Установка парктроников в СПб — от 5 000 ₽ | КБ АВТО;Устанавливаем парктроники с калибровкой и подключением к штатным системам. Цена от 5 000 ₽. КБ АВТО, Санкт-Петербург.;установка парктроников, установка парктроников спб, ремонт фар СПб, тюнинг оптики СПб, КБ АВТО;Установка парктроников в СПб — от 5 000 ₽ | КБ АВТО;Установка парктроников в СПб — от 5 000 ₽ | КБ АВТО
Ремонт штатных парктроников;dop-uslugi-remont-parktronikov;remont-parktronikov;dop-uslugi;;2500;Диагностируем и восстанавливаем штатные датчики парковки.;Штатная система;Доп. услуги;ремонт штатных парктроников;Ремонт штатных парктроников в СПб — от 2 500 ₽ | КБ АВТО;Диагностируем и восстанавливаем штатные датчики парковки. Цена от 2 500 ₽. КБ АВТО, Санкт-Петербург.;ремонт штатных парктроников, ремонт штатных парктроников спб, ремонт фар СПб, тюнинг оптики СПб, КБ АВТО;Ремонт штатных парктроников в СПб — от 2 500 ₽ | КБ АВТО;Ремонт штатных парктроников в СПб — от 2 500 ₽ | КБ АВТО
Автоэлектрика;dop-uslugi-avtoelektrika;avtoelektrika;dop-uslugi;;2500;Диагностика и ремонт электрооборудования автомобиля — проводка, блоки, датчики.;Комплексный подход;Доп. услуги;автоэлектрика;Автоэлектрика в СПб — от 2 500 ₽ | КБ АВТО;Диагностика и ремонт электрооборудования автомобиля — проводка, блоки, датчики. Цена от 2 500 ₽. КБ АВТО, Санкт-Петербург.;автоэлектрика, автоэлектрика спб, ремонт фар СПб, тюнинг оптики СПб, КБ АВТО;Автоэлектрика в СПб — от 2 500 ₽ | КБ АВТО;Автоэлектрика в СПб — от 2 500 ₽ | КБ АВТО
Установка и замена камеры заднего вида;dop-uslugi-kamera-zadnego-vida;kamera-zadnego-vida;dop-uslugi;;3500;Монтируем камеры заднего вида с выводом изображения на штатный или дополнительный экран.;Парковка без стресса;Доп. услуги;установка и замена камеры заднего вида;Установка и замена камеры заднего вида в СПб — от 3 500 ₽ |…;Монтируем камеры заднего вида с выводом изображения на штатный или дополнительный экран. Цена от 3 500 ₽. КБ АВТО, Санкт-Петербург.;установка и замена камеры заднего вида, установка и замена камеры заднего вида спб, ремонт фар СПб, тюнинг оптики СПб, КБ АВТО;Установка и замена камеры заднего вида в СПб — от 3 500 ₽ |…;Установка и замена камеры заднего вида в СПб — от 3 500 ₽ |…